building_id,job_id,started_at,completed_at,completed_status,build_existing_model.ahs_region,build_existing_model.aiannh_area,build_existing_model.air_leakage_to_outside_ach_50,build_existing_model.applicable,build_existing_model.area_median_income,build_existing_model.ashrae_iecc_climate_zone_2004,build_existing_model.ashrae_iecc_climate_zone_2004_2_a_split,build_existing_model.bathroom_spot_vent_hour,build_existing_model.battery,build_existing_model.bedrooms,build_existing_model.building_america_climate_zone,build_existing_model.buildstock_csv_path,build_existing_model.cec_climate_zone,build_existing_model.ceiling_fan,build_existing_model.census_division,build_existing_model.census_division_recs,build_existing_model.census_region,build_existing_model.city,build_existing_model.clothes_dryer,build_existing_model.clothes_dryer_usage_level,build_existing_model.clothes_washer,build_existing_model.clothes_washer_presence,build_existing_model.clothes_washer_usage_level,build_existing_model.cooking_range,build_existing_model.cooking_range_usage_level,build_existing_model.cooling_setpoint,build_existing_model.cooling_setpoint_has_offset,build_existing_model.cooling_setpoint_offset_magnitude,build_existing_model.cooling_setpoint_offset_period,build_existing_model.cooling_unavailable_days,build_existing_model.cooling_unavailable_period,build_existing_model.corridor,build_existing_model.county,build_existing_model.county_and_puma,build_existing_model.county_metro_status,build_existing_model.custom_state,build_existing_model.dehumidifier,build_existing_model.dishwasher,build_existing_model.dishwasher_usage_level,build_existing_model.door_area,build_existing_model.doors,build_existing_model.duct_leakage_and_insulation,build_existing_model.duct_location,build_existing_model.eaves,build_existing_model.electric_vehicle,build_existing_model.emissions_electricity_folders,build_existing_model.emissions_electricity_units,build_existing_model.emissions_electricity_values_or_filepaths,build_existing_model.emissions_fossil_fuel_units,build_existing_model.emissions_fuel_oil_values,build_existing_model.emissions_natural_gas_values,build_existing_model.emissions_propane_values,build_existing_model.emissions_scenario_names,build_existing_model.emissions_types,build_existing_model.emissions_wood_values,build_existing_model.energystar_climate_zone_2023,build_existing_model.federal_poverty_level,build_existing_model.generation_and_emissions_assessment_region,build_existing_model.geometry_attic_type,build_existing_model.geometry_building_horizontal_location_mf,build_existing_model.geometry_building_horizontal_location_sfa,build_existing_model.geometry_building_level_mf,build_existing_model.geometry_building_number_units_mf,build_existing_model.geometry_building_number_units_sfa,build_existing_model.geometry_building_type_acs,build_existing_model.geometry_building_type_height,build_existing_model.geometry_building_type_recs,build_existing_model.geometry_floor_area,build_existing_model.geometry_floor_area_bin,build_existing_model.geometry_foundation_type,build_existing_model.geometry_garage,build_existing_model.geometry_space_combination,build_existing_model.geometry_stories,build_existing_model.geometry_stories_low_rise,build_existing_model.geometry_story_bin,build_existing_model.geometry_wall_exterior_finish,build_existing_model.geometry_wall_type,build_existing_model.ground_thermal_conductivity,build_existing_model.has_pv,build_existing_model.heating_fuel,build_existing_model.heating_setpoint,build_existing_model.heating_setpoint_has_offset,build_existing_model.heating_setpoint_offset_magnitude,build_existing_model.heating_setpoint_offset_period,build_existing_model.heating_unavailable_days,build_existing_model.heating_unavailable_period,build_existing_model.holiday_lighting,build_existing_model.hot_water_distribution,build_existing_model.hot_water_fixtures,build_existing_model.household_has_tribal_persons,build_existing_model.hvac_cooling_autosizing_factor,build_existing_model.hvac_cooling_efficiency,build_existing_model.hvac_cooling_partial_space_conditioning,build_existing_model.hvac_cooling_type,build_existing_model.hvac_has_ducts,build_existing_model.hvac_has_shared_system,build_existing_model.hvac_has_zonal_electric_heating,build_existing_model.hvac_heating_autosizing_factor,build_existing_model.hvac_heating_efficiency,build_existing_model.hvac_heating_type,build_existing_model.hvac_heating_type_and_fuel,build_existing_model.hvac_secondary_heating_efficiency,build_existing_model.hvac_secondary_heating_fuel,build_existing_model.hvac_secondary_heating_partial_space_conditioning,build_existing_model.hvac_secondary_heating_type,build_existing_model.hvac_shared_efficiencies,build_existing_model.hvac_system_is_faulted,build_existing_model.hvac_system_is_scaled,build_existing_model.hvac_system_single_speed_ac_airflow,build_existing_model.hvac_system_single_speed_ac_charge,build_existing_model.hvac_system_single_speed_ashp_airflow,build_existing_model.hvac_system_single_speed_ashp_charge,build_existing_model.income,build_existing_model.income_recs_2015,build_existing_model.income_recs_2020,build_existing_model.infiltration,build_existing_model.insulation_ceiling,build_existing_model.insulation_floor,build_existing_model.insulation_foundation_wall,build_existing_model.insulation_rim_joist,build_existing_model.insulation_roof,build_existing_model.insulation_slab,build_existing_model.insulation_wall,build_existing_model.interior_shading,build_existing_model.iso_rto_region,build_existing_model.lighting,build_existing_model.lighting_interior_use,build_existing_model.lighting_other_use,build_existing_model.location_region,build_existing_model.mechanical_ventilation,build_existing_model.metropolitan_and_micropolitan_statistical_area,build_existing_model.misc_extra_refrigerator,build_existing_model.misc_freezer,build_existing_model.misc_gas_fireplace,build_existing_model.misc_gas_grill,build_existing_model.misc_gas_lighting,build_existing_model.misc_hot_tub_spa,build_existing_model.misc_pool,build_existing_model.misc_pool_heater,build_existing_model.misc_pool_pump,build_existing_model.misc_well_pump,build_existing_model.natural_ventilation,build_existing_model.neighbors,build_existing_model.occupants,build_existing_model.orientation,build_existing_model.overhangs,build_existing_model.plug_load_diversity,build_existing_model.plug_loads,build_existing_model.puma,build_existing_model.puma_metro_status,build_existing_model.pv_orientation,build_existing_model.pv_system_size,build_existing_model.radiant_barrier,build_existing_model.range_spot_vent_hour,build_existing_model.reeds_balancing_area,build_existing_model.refrigerator,build_existing_model.refrigerator_usage_level,build_existing_model.roof_material,build_existing_model.sample_weight,build_existing_model.simulation_control_run_period_begin_day_of_month,build_existing_model.simulation_control_run_period_begin_month,build_existing_model.simulation_control_run_period_calendar_year,build_existing_model.simulation_control_run_period_end_day_of_month,build_existing_model.simulation_control_run_period_end_month,build_existing_model.simulation_control_timestep,build_existing_model.solar_hot_water,build_existing_model.state,build_existing_model.state_metro_median_income,build_existing_model.tenure,build_existing_model.unit_height_above_grade,build_existing_model.units_represented,build_existing_model.usage_level,build_existing_model.vacancy_status,build_existing_model.vintage,build_existing_model.vintage_acs,build_existing_model.water_heater_efficiency,build_existing_model.water_heater_fuel,build_existing_model.water_heater_in_unit,build_existing_model.water_heater_location,build_existing_model.weather_file_city,build_existing_model.weather_file_latitude,build_existing_model.weather_file_longitude,build_existing_model.window_areas,build_existing_model.windows,upgrade_costs.applicable,upgrade_costs.debug,upgrade_costs.door_area_ft_2,upgrade_costs.duct_unconditioned_surface_area_ft_2,upgrade_costs.floor_area_attic_ft_2,upgrade_costs.floor_area_attic_insulation_increase_ft_2_delta_r_value,upgrade_costs.floor_area_conditioned_ft_2,upgrade_costs.floor_area_conditioned_infiltration_reduction_ft_2_delta_ach_50,upgrade_costs.floor_area_foundation_ft_2,upgrade_costs.floor_area_lighting_ft_2,upgrade_costs.flow_rate_mechanical_ventilation_cfm,upgrade_costs.rim_joist_area_above_grade_exterior_ft_2,upgrade_costs.roof_area_ft_2,upgrade_costs.size_cooling_system_primary_k_btu_h,upgrade_costs.size_heat_pump_backup_primary_k_btu_h,upgrade_costs.size_heating_system_primary_k_btu_h,upgrade_costs.size_heating_system_secondary_k_btu_h,upgrade_costs.size_water_heater_gal,upgrade_costs.slab_perimeter_exposed_conditioned_ft,upgrade_costs.upgrade_cost_usd,upgrade_costs.wall_area_above_grade_conditioned_ft_2,upgrade_costs.wall_area_above_grade_exterior_ft_2,upgrade_costs.wall_area_below_grade_ft_2,upgrade_costs.window_area_ft_2
19,run19,2025-09-09T02:03:17,2025-09-09T02:03:34,Success,Non-CBSA East South Central,No,30.0,True,Not Available,4A,4A,Hour1,,1,Mixed-Humid,C:/Users/Jainam/Desktop/Resstock/resstock-main/resstock-main/resources/custom_buildstock_20k_filtered.csv,,"Standard Efficiency, No usage",East South Central,East South Central,South,Not in a census Place,Electric,120% Usage,Standard,Yes,120% Usage,Electric Resistance,120% Usage,76F,No,0F,,Never,Never,Not Applicable,"KY, Estill County","G2100650, G21002200",Non-Metropolitan,Others,,290 Rated kWh,120% Usage,20 ft^2,Fiberglass,"10% Leakage to Outside, Uninsulated",Unheated Basement,2 ft,,data/emissions/cambium/2022/LRMER_MidCase_15,kg/MWh,C:/Users/Jainam/Desktop/Resstock/resstock-main/resstock-main/lib/resources/data/emissions/cambium/2022/LRMER_MidCase_15/SRTVc.csv,lb/MBtu,,,,LRMER_MidCase_15,CO2e,,North-Central,Not Available,SRTVc,Vented Attic,,,,,,Single-Family Detached,Single-Family Detached,Single-Family Detached,0-499,0-1499,Unheated Basement,,"Single-Family Detached, Unheated Basement, Vented Attic, No Garage",1,1,<8,"Brick, Medium/Dark",Wood Frame,1.4,No,Electricity,55F,Yes,3F,Night +5h,Never,Never,No Exterior Use,Uninsulated,130% Usage,Not Available,,Ducted Heat Pump,100% Conditioned,Ducted Heat Pump,Yes,,No,,"ASHP, SEER 13, 7.7 HSPF",Ducted Heat Pump,Electricity ASHP,,,0%,,,No,No,,,,,Not Available,Not Available,Not Available,30 ACH50,R-30,Uninsulated,Uninsulated,Uninsulated,"Unfinished, Uninsulated",,"Wood Stud, Uninsulated","Summer = 0.7, Winter = 0.85",PJM,100% Incandescent,100% Usage,100% Usage,CR08,,,EF 17.6,"EF 12, National Average",,,,,Has Pool,,1.0 HP Pump,Typical Efficiency,"Cooling Season, 7 days/wk",Left/Right at 15ft,0,South,,200%,110%,"KY, 02200",Not/partially in metro area,,,No,Hour3,109.0,EF 19.9,105% Usage,Composition Shingles,6353.367606915378,1,1,2007,31,12,15,,KY,Not Available,Not Available,0.0,1,High,Vacant,1970s,1960-79,Electric Standard,Electricity,Yes,Unheated Basement,London Corbin Ap,37.08,-84.08,F18 B18 L18 R18,"Double, Clear, Non-metal, Air",True,False,20.0,95.36,298.0,0.0,298.0,0.0,298.0,298.0,0.0,55.6,333.2,14.41,19.2,14.41,0.0,30.0,0.0,0.0,576.4,617.8,576.4,103.8
33,run33,2025-09-09T02:03:39,2025-09-09T02:03:55,Success,Non-CBSA East South Central,No,20.0,True,Not Available,4A,4A,Hour6,,2,Mixed-Humid,C:/Users/Jainam/Desktop/Resstock/resstock-main/resstock-main/resources/custom_buildstock_20k_filtered.csv,,"Standard Efficiency, No usage",East South Central,East South Central,South,Not in a census Place,Electric,100% Usage,Standard,Yes,100% Usage,Electric Resistance,100% Usage,70F,Yes,5F,Night Setup +1h,1 month,May 21 - Jun 19,Not Applicable,"KY, Pike County","G2101950, G21001100",Non-Metropolitan,Others,,290 Rated kWh,100% Usage,20 ft^2,Fiberglass,"10% Leakage to Outside, Uninsulated",Crawlspace,2 ft,,data/emissions/cambium/2022/LRMER_MidCase_15,kg/MWh,C:/Users/Jainam/Desktop/Resstock/resstock-main/resstock-main/lib/resources/data/emissions/cambium/2022/LRMER_MidCase_15/RFCWc.csv,lb/MBtu,,,,LRMER_MidCase_15,CO2e,,North-Central,Not Available,RFCWc,Vented Attic,,,,,,Single-Family Detached,Single-Family Detached,Single-Family Detached,1000-1499,0-1499,Unvented Crawlspace,,"Single-Family Detached, Unvented Crawlspace, Vented Attic, No Garage",1,1,<8,"Vinyl, Light",Steel Frame,1.1,No,Electricity,55F,Yes,3F,Night +2h,1 week,Oct 21 - Oct 27,No Exterior Use,Uninsulated,80% Usage,Not Available,,Ducted Heat Pump,100% Conditioned,Ducted Heat Pump,Yes,,No,,"ASHP, SEER 15, 8.5 HSPF",Ducted Heat Pump,Electricity ASHP,,,0%,,,No,No,,,,,Not Available,Not Available,Not Available,20 ACH50,R-19,Uninsulated,Uninsulated,Uninsulated,"Unfinished, Uninsulated",,"Wood Stud, R-19","Summer = 0.7, Winter = 0.85",PJM,100% Incandescent,100% Usage,100% Usage,CR08,,,,,,,,,,,,,"Cooling Season, 7 days/wk",Left/Right at 15ft,0,South,,100%,110%,"KY, 01100",Not/partially in metro area,,,No,Hour19,110.0,EF 19.9,100% Usage,Composition Shingles,6353.367606915378,1,1,2007,31,12,15,,KY,Not Available,Not Available,0.0,1,Medium,Vacant,1980s,1980-99,Electric Standard,Electricity,Yes,Living Space,Wise Lonesome Pine,36.98,-82.53,F18 B18 L18 R18,"Single, Clear, Metal",True,False,20.0,392.96,1228.0,0.0,1228.0,0.0,1228.0,1228.0,0.0,112.6,1373.0,24.11,59.39,24.11,0.0,30.0,0.0,0.0,1170.2,1340.8,585.2,210.6
341,run341,2025-09-09T02:10:19,2025-09-09T02:10:40,Success,Non-CBSA East South Central,No,5.0,True,Not Available,4A,4A,Hour0,,1,Mixed-Humid,C:/Users/Jainam/Desktop/Resstock/resstock-main/resstock-main/resources/custom_buildstock_20k_filtered.csv,,"Standard Efficiency, No usage",East South Central,East South Central,South,In another census Place,Electric,80% Usage,Standard,Yes,80% Usage,Electric Resistance,80% Usage,76F,No,0F,,Never,Never,Not Applicable,"KY, Hardin County","G2100930, G21001300",Metropolitan,Others,,318 Rated kWh,80% Usage,20 ft^2,Fiberglass,"10% Leakage to Outside, Uninsulated",Unheated Basement,2 ft,,data/emissions/cambium/2022/LRMER_MidCase_15,kg/MWh,C:/Users/Jainam/Desktop/Resstock/resstock-main/resstock-main/lib/resources/data/emissions/cambium/2022/LRMER_MidCase_15/SRTVc.csv,lb/MBtu,,,,LRMER_MidCase_15,CO2e,,North-Central,Not Available,SRTVc,Vented Attic,,,,,,Single-Family Detached,Single-Family Detached,Single-Family Detached,500-749,0-1499,Unheated Basement,1 Car,"Single-Family Detached, Unheated Basement, Vented Attic, 1 Car Garage",1,1,<8,"Wood, Medium/Dark",Wood Frame,1.1,No,Electricity,55F,No,0F,,Never,Never,No Exterior Use,Uninsulated,80% Usage,Not Available,,Ducted Heat Pump,100% Conditioned,Ducted Heat Pump,Yes,,No,,"ASHP, SEER 15, 8.5 HSPF",Ducted Heat Pump,Electricity ASHP,,,0%,,,No,No,,,,,Not Available,Not Available,Not Available,5 ACH50,R-30,Ceiling R-13,Uninsulated,Uninsulated,"Unfinished, Uninsulated",,"Wood Stud, R-11","Summer = 0.7, Winter = 0.85",PJM,100% CFL,100% Usage,100% Usage,CR08,,"Elizabethtown-Fort Knox, KY MSA",,,,,,,,,,,"Cooling Season, 7 days/wk",Left/Right at 15ft,0,South,,50%,110%,"KY, 01300",Not/partially in metro area,,,No,Hour12,109.0,EF 19.9,95% Usage,Composition Shingles,6353.367606915378,1,1,2007,31,12,15,,KY,Not Available,Not Available,0.0,1,Low,Vacant,1990s,1980-99,Electric Standard,Electricity,Yes,Garage,Fort Knox Godman Aaf,37.9,-85.97,F12 B12 L12 R12,"Double, Clear, Non-metal, Air, Exterior Clear Storm",True,False,20.0,202.88,634.0,0.0,634.0,0.0,634.0,922.0,0.0,85.6,1030.9,11.76,15.02,11.76,0.0,30.0,0.0,0.0,887.2,1291.2,887.2,89.2
1050,run1050,2025-09-09T02:27:55,2025-09-09T02:28:27,Success,Non-CBSA East South Central,No,25.0,True,150%+,4A,4A,Hour6,,3,Mixed-Humid,C:/Users/Jainam/Desktop/Resstock/resstock-main/resstock-main/resources/custom_buildstock_20k_filtered.csv,,Standard Efficiency,East South Central,East South Central,South,"KY, Louisville Jefferson County Metro Government Balance",Electric,100% Usage,EnergyStar,Yes,100% Usage,Electric Induction,100% Usage,75F,Yes,2F,Day Setup -1h,Never,Never,Not Applicable,"KY, Jefferson County","G2101110, G21001704",Metropolitan,Others,,318 Rated kWh,100% Usage,20 ft^2,Fiberglass,"10% Leakage to Outside, R-4",Attic,2 ft,,data/emissions/cambium/2022/LRMER_MidCase_15,kg/MWh,C:/Users/Jainam/Desktop/Resstock/resstock-main/resstock-main/lib/resources/data/emissions/cambium/2022/LRMER_MidCase_15/SRTVc.csv,lb/MBtu,,,,LRMER_MidCase_15,CO2e,,North-Central,400%+,SRTVc,Vented Attic,,,,,,Single-Family Detached,Single-Family Detached,Single-Family Detached,1500-1999,1500-2499,Ambient,,"Single-Family Detached, Ambient, Vented Attic, No Garage",1,1,<8,"Vinyl, Light",Wood Frame,1.1,No,Electricity,70F,Yes,6F,Night -1h,Never,Never,No Exterior Use,Uninsulated,110% Usage,No,,Ducted Heat Pump,100% Conditioned,Ducted Heat Pump,Yes,,No,,"ASHP, SEER 13, 7.7 HSPF",Ducted Heat Pump,Electricity ASHP,,,0%,,,No,No,,,,,200000+,140000+,150000+,25 ACH50,R-38,Uninsulated,,,"Unfinished, Uninsulated",,"Wood Stud, Uninsulated","Summer = 0.7, Winter = 0.85",,100% Incandescent,100% Usage,100% Usage,CR08,,"Louisville/Jefferson County, KY-IN MSA",,,,,,,,,,,"Cooling Season, 7 days/wk",Left/Right at 15ft,5,North,,100%,110%,"KY, 01704","In metro area, not/partially in principal city",,,No,Hour10,109.0,EF 19.9,100% Usage,Composition Shingles,6353.367606915378,1,1,2007,31,12,15,,KY,150%+,Owner,2.0,1,Medium,Occupied,1970s,1960-79,Natural Gas Standard,Natural Gas,Yes,Living Space,Louisville Bowman Field,38.23,-85.67,F18 B18 L18 R18,"Double, Low-E, Non-metal, Air, M-Gain",True,False,20.0,543.36,1698.0,0.0,1698.0,0.0,0.0,1698.0,0.0,0.0,1898.4,48.5,84.03,48.5,0.0,40.0,0.0,0.0,1376.0,1611.8,0.0,247.6
1617,run1617,2025-09-09T02:41:58,2025-09-09T02:42:24,Success,Non-CBSA East South Central,No,6.0,True,150%+,4A,4A,Hour5,,3,Mixed-Humid,C:/Users/Jainam/Desktop/Resstock/resstock-main/resstock-main/resources/custom_buildstock_20k_filtered.csv,,Standard Efficiency,East South Central,East South Central,South,In another census Place,Electric,100% Usage,Standard,Yes,100% Usage,Electric Resistance,100% Usage,75F,Yes,9F,Night Setback,Never,Never,Not Applicable,"KY, Jefferson County","G2101110, G21001703",Metropolitan,Others,,318 Rated kWh,100% Usage,20 ft^2,Fiberglass,"30% Leakage to Outside, R-4",Attic,2 ft,,data/emissions/cambium/2022/LRMER_MidCase_15,kg/MWh,C:/Users/Jainam/Desktop/Resstock/resstock-main/resstock-main/lib/resources/data/emissions/cambium/2022/LRMER_MidCase_15/SRTVc.csv,lb/MBtu,,,,LRMER_MidCase_15,CO2e,,North-Central,400%+,SRTVc,Vented Attic,,,,,,Single-Family Detached,Single-Family Detached,Single-Family Detached,2000-2499,1500-2499,Slab,2 Car,"Single-Family Detached, Slab, Vented Attic, 2 Car Garage",2,2,<8,"Vinyl, Light",Wood Frame,1.1,No,Electricity,67F,No,0F,,Never,Never,No Exterior Use,Uninsulated,110% Usage,No,,"AC, SEER 15",60% Conditioned,Central AC,Yes,,No,,"Electric Furnace, 100% AFUE",Ducted Heating,Electricity Electric Furnace,,,0%,,,No,No,,,,,200000+,140000+,150000+,6 ACH50,R-19,,,,"Unfinished, Uninsulated","2ft R5 Perimeter, Vertical","Wood Stud, R-15","Summer = 0.7, Winter = 0.85",,100% Incandescent,100% Usage,100% Usage,CR08,,"Louisville/Jefferson County, KY-IN MSA",EF 6.7,,,,,Electricity,,,,Typical Efficiency,"Cooling Season, 7 days/wk",Left/Right at 15ft,2,South,,100%,110%,"KY, 01703","In metro area, not/partially in principal city",,,No,Hour17,109.0,EF 19.9,100% Usage,"Asphalt Shingles, Medium",6353.367606915378,1,1,2007,31,12,15,,KY,150%+,Owner,0.0,1,Medium,Occupied,1990s,1980-99,Electric Standard,Electricity,Yes,Living Space,Louisville Bowman Field,38.23,-85.67,F6 B6 L6 R6,"Single, Clear, Metal",True,False,20.0,604.67,1377.5,0.0,2179.0,0.0,801.5,2755.0,0.0,0.0,1540.1,33.63,0.0,67.88,0.0,50.0,101.8,0.0,2396.2,2811.6,0.0,126.6
1907,run1907,2025-09-09T02:49:11,2025-09-09T02:49:37,Success,Non-CBSA East South Central,No,25.0,True,100-120%,4A,4A,Hour12,,1,Mixed-Humid,C:/Users/Jainam/Desktop/Resstock/resstock-main/resstock-main/resources/custom_buildstock_20k_filtered.csv,,Standard Efficiency,East South Central,East South Central,South,Not in a census Place,Electric,100% Usage,EnergyStar,Yes,100% Usage,Electric Resistance,100% Usage,70F,Yes,5F,Night Setup -3h,Never,Never,Not Applicable,"KY, Grayson County","G2100850, G21001300",Non-Metropolitan,Others,,318 Rated kWh,100% Usage,20 ft^2,Fiberglass,"10% Leakage to Outside, R-4",Attic,2 ft,,data/emissions/cambium/2022/LRMER_MidCase_15,kg/MWh,C:/Users/Jainam/Desktop/Resstock/resstock-main/resstock-main/lib/resources/data/emissions/cambium/2022/LRMER_MidCase_15/SRTVc.csv,lb/MBtu,,,,LRMER_MidCase_15,CO2e,,North-Central,400%+,SRTVc,Vented Attic,,,,,,Single-Family Detached,Single-Family Detached,Single-Family Detached,750-999,0-1499,Slab,,"Single-Family Detached, Slab, Vented Attic, No Garage",1,1,<8,"Brick, Medium/Dark",Wood Frame,1.1,No,Electricity,67F,No,0F,,Never,Never,No Exterior Use,Uninsulated,80% Usage,No,,"AC, SEER 15",100% Conditioned,Central AC,Yes,,No,,"Electric Furnace, 100% AFUE",Ducted Heating,Electricity Electric Furnace,,,0%,,,No,No,,,,,50000-59999,40000-59999,40000-59999,25 ACH50,R-13,,,,"Unfinished, Uninsulated",Uninsulated,"Wood Stud, R-7","Summer = 0.7, Winter = 0.85",,100% Incandescent,100% Usage,100% Usage,CR08,,,EF 17.6,,,,,,,,,,"Cooling Season, 7 days/wk",Left/Right at 15ft,1,East,,100%,110%,"KY, 01300",Not/partially in metro area,,,No,Hour23,108.0,EF 19.9,100% Usage,Composition Shingles,6353.367606915378,1,1,2007,31,12,15,,KY,120-150%,Renter,0.0,1,Medium,Occupied,1970s,1960-79,Electric Standard,Electricity,Yes,Living Space,Bowling Green Warren Co Ap,36.98,-86.43,F18 B18 L18 R18,"Single, Clear, Non-metal",True,False,20.0,281.92,881.0,0.0,881.0,0.0,881.0,881.0,0.0,0.0,985.0,28.48,0.0,48.18,0.0,30.0,123.9,0.0,991.2,1113.6,0.0,178.4
2169,run2169,2025-09-09T02:55:37,2025-09-09T02:56:07,Success,Non-CBSA East South Central,No,25.0,True,0-30%,4A,4A,Hour5,,2,Mixed-Humid,C:/Users/Jainam/Desktop/Resstock/resstock-main/resstock-main/resources/custom_buildstock_20k_filtered.csv,,Standard Efficiency,East South Central,East South Central,South,Not in a census Place,Electric,100% Usage,EnergyStar,Yes,100% Usage,Electric Resistance,100% Usage,70F,No,0F,,1 week,Jul 1 - Jul 7,Not Applicable,"KY, Pulaski County","G2101990, G21000700",Non-Metropolitan,Others,,,100% Usage,20 ft^2,Fiberglass,"10% Leakage to Outside, Uninsulated",Crawlspace,2 ft,,data/emissions/cambium/2022/LRMER_MidCase_15,kg/MWh,C:/Users/Jainam/Desktop/Resstock/resstock-main/resstock-main/lib/resources/data/emissions/cambium/2022/LRMER_MidCase_15/SRTVc.csv,lb/MBtu,,,,LRMER_MidCase_15,CO2e,,North-Central,0-100%,SRTVc,,,,,,,Single-Family Detached,Single-Family Detached,Single-Family Detached,750-999,0-1499,Vented Crawlspace,1 Car,"Single-Family Detached, Vented Crawlspace, No Attic, 1 Car Garage",1,1,<8,"Wood, Medium/Dark",Wood Frame,1.1,No,Electricity,60F,Yes,12F,Night -4h,Never,Never,No Exterior Use,Uninsulated,80% Usage,No,,Ducted Heat Pump,100% Conditioned,Ducted Heat Pump,Yes,,No,,"ASHP, SEER 10, 6.2 HSPF",Ducted Heat Pump,Electricity ASHP,,,0%,,,No,No,,,,,10000-14999,<20000,<20000,25 ACH50,,Uninsulated,Uninsulated,Uninsulated,"Finished, R-30",,"Wood Stud, Uninsulated","Summer = 0.7, Winter = 0.85",PJM,100% CFL,100% Usage,100% Usage,CR08,,"Somerset, KY MicroSA",,"EF 12, National Average",,,,,,,,,"Cooling Season, 7 days/wk",Left/Right at 15ft,1,South,,100%,110%,"KY, 00700",Not/partially in metro area,,,No,Hour16,93.0,,100% Usage,"Asphalt Shingles, Medium",6353.367606915378,1,1,2007,31,12,15,,KY,0-30%,Renter,0.0,1,Medium,Occupied,1950s,1940-59,Electric Premium,Electricity,Yes,Garage,London Corbin Ap,37.08,-84.08,F9 B9 L9 R9,"Double, Low-E, Non-metal, Air, M-Gain",True,False,20.0,281.92,0.0,0.0,881.0,0.0,881.0,1169.0,0.0,103.0,1169.0,26.82,44.89,26.82,0.0,30.0,0.0,0.0,1069.0,1261.0,534.6,78.9
5264,run5264,2025-09-09T04:13:40,2025-09-09T04:14:00,Success,Non-CBSA East South Central,No,50.0,True,Not Available,4A,4A,Hour23,,3,Mixed-Humid,C:/Users/Jainam/Desktop/Resstock/resstock-main/resstock-main/resources/custom_buildstock_20k_filtered.csv,,"Standard Efficiency, No usage",East South Central,East South Central,South,Not in a census Place,Electric,120% Usage,Standard,Yes,120% Usage,Electric Resistance,120% Usage,78F,No,0F,,Never,Never,Not Applicable,"KY, Warren County","G2102270, G21000500",Metropolitan,Others,,290 Rated kWh,120% Usage,20 ft^2,Fiberglass,"0% Leakage to Outside, Uninsulated",Heated Basement,2 ft,,data/emissions/cambium/2022/LRMER_MidCase_15,kg/MWh,C:/Users/Jainam/Desktop/Resstock/resstock-main/resstock-main/lib/resources/data/emissions/cambium/2022/LRMER_MidCase_15/SRTVc.csv,lb/MBtu,,,,LRMER_MidCase_15,CO2e,,North-Central,Not Available,SRTVc,Vented Attic,,,,,,Single-Family Detached,Single-Family Detached,Single-Family Detached,750-999,0-1499,Heated Basement,,"Single-Family Detached, Heated Basement, Vented Attic, No Garage",1,1,<8,,Brick,1.4,No,Electricity,55F,Yes,6F,Day and Night +5h,Never,Never,No Exterior Use,Uninsulated,120% Usage,Not Available,,"AC, SEER 15",100% Conditioned,Central AC,Yes,,No,,"Electric Furnace, 100% AFUE",Ducted Heating,Electricity Electric Furnace,,,0%,,,No,No,,,,,Not Available,Not Available,Not Available,50 ACH50,R-38,Uninsulated,"Wall R-10, Exterior","R-10, Exterior","Unfinished, Uninsulated",,"Brick, 12-in, 3-wythe, R-11","Summer = 0.7, Winter = 0.85",,100% CFL,100% Usage,100% Usage,CR08,,"Bowling Green, KY MSA",EF 17.6,,,,,,,,,,"Cooling Season, 7 days/wk",Left/Right at 15ft,0,South,,200%,110%,"KY, 00500","In metro area, not/partially in principal city",,,No,Hour16,93.0,EF 15.9,105% Usage,"Asphalt Shingles, Medium",6353.367606915378,1,1,2007,31,12,15,,KY,Not Available,Not Available,-7.0,1,High,Vacant,1980s,1980-99,Electric Standard,Electricity,Yes,Heated Basement,Bowling Green Warren Co Ap,36.98,-86.43,F15 B15 L15 R15,"Double, Clear, Metal, Air",True,False,20.0,0.0,440.5,0.0,881.0,0.0,440.5,881.0,0.0,67.6,492.4,23.43,0.0,36.35,0.0,50.0,87.6,0.0,700.8,762.0,700.8,105.2
5649,run5649,2025-09-09T04:22:13,2025-09-09T04:22:37,Success,Non-CBSA East South Central,No,15.0,True,0-30%,4A,4A,Hour18,,3,Mixed-Humid,C:/Users/Jainam/Desktop/Resstock/resstock-main/resstock-main/resources/custom_buildstock_20k_filtered.csv,,Standard Efficiency,East South Central,East South Central,South,Not in a census Place,Electric,100% Usage,Standard,Yes,100% Usage,Electric Resistance,100% Usage,75F,No,0F,,Never,Never,Not Applicable,"KY, Knox County","G2101210, G21000900",Non-Metropolitan,Others,,,100% Usage,20 ft^2,Fiberglass,"10% Leakage to Outside, Uninsulated",Crawlspace,2 ft,,data/emissions/cambium/2022/LRMER_MidCase_15,kg/MWh,C:/Users/Jainam/Desktop/Resstock/resstock-main/resstock-main/lib/resources/data/emissions/cambium/2022/LRMER_MidCase_15/SRTVc.csv,lb/MBtu,,,,LRMER_MidCase_15,CO2e,,North-Central,0-100%,SRTVc,Vented Attic,,,,,,Single-Family Detached,Single-Family Detached,Single-Family Detached,1500-1999,1500-2499,Vented Crawlspace,,"Single-Family Detached, Vented Crawlspace, Vented Attic, No Garage",1,1,<8,"Brick, Medium/Dark",Wood Frame,0.8,No,Electricity,70F,Yes,3F,Night -5h,Never,Never,No Exterior Use,Uninsulated,90% Usage,No,,"AC, SEER 15",80% Conditioned,Central AC,Yes,,No,,"Electric Furnace, 100% AFUE",Ducted Heating,Electricity Electric Furnace,,,0%,,,No,No,,,,,<10000,<20000,<20000,15 ACH50,R-30,Uninsulated,Uninsulated,Uninsulated,"Unfinished, Uninsulated",,"Wood Stud, Uninsulated","Summer = 0.7, Winter = 0.85",PJM,100% Incandescent,100% Usage,100% Usage,CR08,,"London, KY MicroSA",,"EF 12, National Average",,,,,,,,,"Cooling Season, 7 days/wk",Left/Right at 15ft,1,Northwest,,100%,110%,"KY, 00900",Not/partially in metro area,,,No,Hour17,109.0,EF 19.9,100% Usage,"Metal, Dark",6353.367606915378,1,1,2007,31,12,15,,KY,30-60%,Owner,0.0,1,Medium,Occupied,1970s,1960-79,Electric Standard,Electricity,Yes,Living Space,London Corbin Ap,37.08,-84.08,F9 B9 L9 R9,"Single, Clear, Metal",True,False,20.0,543.36,1698.0,0.0,1698.0,0.0,1698.0,1698.0,0.0,132.6,1898.4,33.19,0.0,76.8,0.0,50.0,0.0,0.0,1376.0,1611.8,688.0,123.8
7342,run7342,2025-09-09T05:00:00,2025-09-09T05:00:25,Success,Non-CBSA East South Central,No,10.0,True,60-80%,4A,4A,Hour6,,3,Mixed-Humid,C:/Users/Jainam/Desktop/Resstock/resstock-main/resstock-main/resources/custom_buildstock_20k_filtered.csv,,,East South Central,East South Central,South,"KY, Louisville Jefferson County Metro Government Balance",Electric,80% Usage,EnergyStar,Yes,80% Usage,Electric Resistance,80% Usage,70F,No,0F,,Never,Never,Not Applicable,"KY, Jefferson County","G2101110, G21001705",Metropolitan,Others,,318 Rated kWh,80% Usage,20 ft^2,Fiberglass,"20% Leakage to Outside, Uninsulated",Unheated Basement,2 ft,,data/emissions/cambium/2022/LRMER_MidCase_15,kg/MWh,C:/Users/Jainam/Desktop/Resstock/resstock-main/resstock-main/lib/resources/data/emissions/cambium/2022/LRMER_MidCase_15/SRTVc.csv,lb/MBtu,,,,LRMER_MidCase_15,CO2e,,North-Central,200-300%,SRTVc,,,,,,,Single-Family Detached,Single-Family Detached,Single-Family Detached,1000-1499,0-1499,Unheated Basement,1 Car,"Single-Family Detached, Unheated Basement, No Attic, 1 Car Garage",1,1,<8,"Brick, Medium/Dark",Wood Frame,1.1,No,Electricity,72F,No,0F,,Never,Never,No Exterior Use,Uninsulated,80% Usage,No,,Ducted Heat Pump,100% Conditioned,Ducted Heat Pump,Yes,,No,,"ASHP, SEER 13, 7.7 HSPF",Ducted Heat Pump,Electricity ASHP,,,0%,,,No,No,,,,,50000-59999,40000-59999,40000-59999,10 ACH50,,Ceiling R-13,Uninsulated,Uninsulated,"Finished, R-30",,"Wood Stud, R-11","Summer = 0.7, Winter = 0.85",,100% CFL,100% Usage,100% Usage,CR08,,"Louisville/Jefferson County, KY-IN MSA",,,,,,,,,,,"Cooling Season, 7 days/wk",Left/Right at 15ft,3,North,,50%,110%,"KY, 01705","In metro area, not/partially in principal city",,,No,Hour19,109.0,EF 19.9,95% Usage,"Asphalt Shingles, Medium",6353.367606915378,1,1,2007,31,12,15,,KY,60-80%,Renter,0.0,1,Low,Occupied,1990s,1980-99,Electric Standard,Electricity,Yes,Living Space,Louisville Bowman Field,38.23,-85.67,F9 B9 L9 R9,"Single, Clear, Non-metal",True,False,20.0,392.96,0.0,0.0,1228.0,0.0,1228.0,1516.0,0.0,119.2,1516.0,20.03,34.08,20.03,0.0,50.0,0.0,0.0,1237.0,1429.0,1237.0,94.0
7430,run7430,2025-09-09T05:01:52,2025-09-09T05:02:17,Success,Non-CBSA East South Central,No,15.0,True,150%+,4A,4A,Hour1,,2,Mixed-Humid,C:/Users/Jainam/Desktop/Resstock/resstock-main/resstock-main/resources/custom_buildstock_20k_filtered.csv,,Standard Efficiency,East South Central,East South Central,South,Not in a census Place,Electric,80% Usage,Standard,Yes,80% Usage,Electric Resistance,80% Usage,68F,Yes,2F,Night Setup -1h,Never,Never,Not Applicable,"KY, Trigg County","G2102210, G21000300",Metropolitan,Others,,,80% Usage,20 ft^2,Fiberglass,"10% Leakage to Outside, R-8",Garage,2 ft,,data/emissions/cambium/2022/LRMER_MidCase_15,kg/MWh,C:/Users/Jainam/Desktop/Resstock/resstock-main/resstock-main/lib/resources/data/emissions/cambium/2022/LRMER_MidCase_15/SRTVc.csv,lb/MBtu,,,,LRMER_MidCase_15,CO2e,,North-Central,400%+,SRTVc,,,,,,,Single-Family Detached,Single-Family Detached,Single-Family Detached,2000-2499,1500-2499,Slab,2 Car,"Single-Family Detached, Slab, No Attic, 2 Car Garage",1,1,<8,"Brick, Medium/Dark",Wood Frame,1.7,No,Electricity,67F,No,0F,,Never,Never,No Exterior Use,Uninsulated,80% Usage,No,,"AC, SEER 15",100% Conditioned,Central AC,Yes,,No,,"Electric Furnace, 100% AFUE",Ducted Heating,Electricity Electric Furnace,,,0%,,,No,No,,,,,100000-119999,100000-119999,100000-149999,15 ACH50,,,,,"Finished, R-19",Uninsulated,"Wood Stud, R-15","Summer = 0.7, Winter = 0.85",,100% CFL,100% Usage,100% Usage,CR08,,"Clarksville, TN-KY MSA",,,,,,Electricity,,,,,"Cooling Season, 7 days/wk",Left/Right at 15ft,2,South,,50%,110%,"KY, 00300",Not/partially in metro area,,,No,Hour6,93.0,EF 17.6,95% Usage,"Asphalt Shingles, Medium",6353.367606915378,1,1,2007,31,12,15,,KY,150%+,Owner,0.0,1,Low,Occupied,2000s,2000-09,Electric Tankless,Electricity,Yes,Garage,Fort Campbell Aaf,36.67,-87.48,F18 B18 L18 R18,"Double, Clear, Non-metal, Air",True,False,20.0,697.28,0.0,0.0,2179.0,0.0,2179.0,2755.0,0.0,0.0,2755.0,32.05,0.0,65.28,0.0,0.0,171.3,0.0,1658.6,1850.6,0.0,246.7
8876,run8876,2025-09-09T05:34:58,2025-09-09T05:35:24,Success,Non-CBSA East South Central,No,20.0,True,150%+,4A,4A,Hour5,,2,Mixed-Humid,C:/Users/Jainam/Desktop/Resstock/resstock-main/resstock-main/resources/custom_buildstock_20k_filtered.csv,,Standard Efficiency,East South Central,East South Central,South,Not in a census Place,Electric,100% Usage,Standard,Yes,100% Usage,Electric Resistance,100% Usage,70F,No,0F,,Never,Never,Not Applicable,"KY, Clinton County","G2100530, G21000600",Non-Metropolitan,Others,,290 Rated kWh,100% Usage,20 ft^2,Fiberglass,"0% Leakage to Outside, Uninsulated",Heated Basement,2 ft,,data/emissions/cambium/2022/LRMER_MidCase_15,kg/MWh,C:/Users/Jainam/Desktop/Resstock/resstock-main/resstock-main/lib/resources/data/emissions/cambium/2022/LRMER_MidCase_15/SRTVc.csv,lb/MBtu,,,,LRMER_MidCase_15,CO2e,,North-Central,400%+,SRTVc,,,,,,,Single-Family Detached,Single-Family Detached,Single-Family Detached,750-999,0-1499,Heated Basement,,"Single-Family Detached, Heated Basement, No Attic, No Garage",1,1,<8,"Brick, Medium/Dark",Wood Frame,1.7,No,Electricity,75F,No,0F,,Never,Never,No Exterior Use,Uninsulated,100% Usage,No,,"AC, SEER 13",100% Conditioned,Central AC,Yes,,No,,"Electric Furnace, 100% AFUE",Ducted Heating,Electricity Electric Furnace,,,0%,,,No,No,,,,,70000-79999,60000-79999,60000-99999,20 ACH50,,Uninsulated,Uninsulated,Uninsulated,"Finished, R-38",,"Wood Stud, Uninsulated","Summer = 0.7, Winter = 0.85",PJM,100% CFL,100% Usage,100% Usage,CR08,,,EF 10.5,,,,,,,,,Typical Efficiency,"Cooling Season, 7 days/wk",Left/Right at 15ft,2,Northwest,,100%,110%,"KY, 00600",Not/partially in metro area,,,No,Hour19,93.0,EF 17.6,100% Usage,Composition Shingles,6353.367606915378,1,1,2007,31,12,15,,KY,150%+,Owner,-7.0,1,Medium,Occupied,1950s,1940-59,Electric Premium,Electricity,Yes,Heated Basement,Crossville Meml AP-Whitson Field,35.95,-85.083,F12 B12 L12 R12,"Single, Clear, Metal",True,False,20.0,0.0,0.0,0.0,881.0,0.0,440.5,881.0,0.0,67.6,440.5,16.26,0.0,36.44,0.0,30.0,87.6,0.0,700.8,700.8,700.8,84.0
9052,run9052,2025-09-09T05:39:04,2025-09-09T05:39:29,Success,Non-CBSA East South Central,No,10.0,True,150%+,4A,4A,Hour22,,1,Mixed-Humid,C:/Users/Jainam/Desktop/Resstock/resstock-main/resstock-main/resources/custom_buildstock_20k_filtered.csv,,,East South Central,East South Central,South,In another census Place,Electric,120% Usage,EnergyStar,Yes,120% Usage,Electric Induction,120% Usage,72F,No,0F,,Never,Never,Not Applicable,"KY, Mason County","G2101610, G21002700",Non-Metropolitan,Others,,318 Rated kWh,120% Usage,20 ft^2,Fiberglass,"0% Leakage to Outside, Uninsulated",Heated Basement,2 ft,,data/emissions/cambium/2022/LRMER_MidCase_15,kg/MWh,C:/Users/Jainam/Desktop/Resstock/resstock-main/resstock-main/lib/resources/data/emissions/cambium/2022/LRMER_MidCase_15/SRTVc.csv,lb/MBtu,,,,LRMER_MidCase_15,CO2e,,North-Central,400%+,SRTVc,,,,,,,Single-Family Detached,Single-Family Detached,Single-Family Detached,1000-1499,0-1499,Heated Basement,,"Single-Family Detached, Heated Basement, No Attic, No Garage",1,1,<8,,Brick,1.1,No,Electricity,70F,No,0F,,Never,Never,No Exterior Use,Uninsulated,140% Usage,No,,Ducted Heat Pump,100% Conditioned,Ducted Heat Pump,Yes,,No,,"ASHP, SEER 13, 7.7 HSPF",Ducted Heat Pump,Electricity ASHP,,,0%,,,No,No,,,,,80000-99999,80000-99999,60000-99999,10 ACH50,,Uninsulated,"Wall R-10, Exterior","R-10, Exterior","Finished, R-19",,"Brick, 12-in, 3-wythe, R-15","Summer = 0.7, Winter = 0.85",PJM,100% Incandescent,100% Usage,100% Usage,CR08,,"Maysville, KY MicroSA",,,,,,,,,,,"Cooling Season, 7 days/wk",Left/Right at 15ft,2,East,,200%,110%,"KY, 02700",Not/partially in metro area,,,No,Hour19,109.0,EF 17.6,105% Usage,Composition Shingles,6353.367606915378,1,1,2007,31,12,15,,KY,150%+,Owner,-7.0,1,High,Occupied,1990s,1980-99,Electric Standard,Electricity,Yes,Heated Basement,Cincinnati Municipal Ap Lunki,39.1,-84.42,F18 B18 L18 R18,"Double, Clear, Non-metal, Air",True,False,20.0,0.0,0.0,0.0,1228.0,0.0,614.0,1228.0,0.0,79.6,614.0,13.69,20.36,13.69,0.0,30.0,103.4,0.0,827.6,827.6,827.6,149.0
10033,run10033,2025-09-09T06:01:53,2025-09-09T06:02:22,Success,Non-CBSA East South Central,No,20.0,True,150%+,4A,4A,Hour10,,3,Mixed-Humid,C:/Users/Jainam/Desktop/Resstock/resstock-main/resstock-main/resources/custom_buildstock_20k_filtered.csv,,Standard Efficiency,East South Central,East South Central,South,"KY, Lexington-Fayette",Electric,100% Usage,EnergyStar,Yes,100% Usage,Electric Resistance,100% Usage,75F,No,0F,,Never,Never,Not Applicable,"KY, Fayette County","G2100670, G21001902",Metropolitan,Others,,318 Rated kWh,100% Usage,20 ft^2,Fiberglass,"0% Leakage to Outside, Uninsulated",Heated Basement,2 ft,,data/emissions/cambium/2022/LRMER_MidCase_15,kg/MWh,C:/Users/Jainam/Desktop/Resstock/resstock-main/resstock-main/lib/resources/data/emissions/cambium/2022/LRMER_MidCase_15/SRTVc.csv,lb/MBtu,,,,LRMER_MidCase_15,CO2e,,North-Central,400%+,SRTVc,Vented Attic,,,,,,Single-Family Detached,Single-Family Detached,Single-Family Detached,2000-2499,1500-2499,Heated Basement,2 Car,"Single-Family Detached, Heated Basement, Vented Attic, 2 Car Garage",2,2,<8,"Vinyl, Light",Wood Frame,1.1,No,Electricity,72F,Yes,3F,Night -5h,Never,Never,No Exterior Use,Uninsulated,100% Usage,No,,"AC, SEER 13",100% Conditioned,Central AC,Yes,,No,,"Electric Furnace, 100% AFUE",Ducted Heating,Electricity Electric Furnace,,,0%,,,No,No,,,,,120000-139999,120000-139999,100000-149999,20 ACH50,R-19,Uninsulated,"Wall R-10, Exterior","R-10, Exterior","Unfinished, Uninsulated",,"Wood Stud, R-11","Summer = 0.7, Winter = 0.85",PJM,100% Incandescent,100% Usage,100% Usage,CR08,,"Lexington-Fayette, KY MSA",,,,,,,,,,,"Cooling Season, 7 days/wk",Left/Right at 15ft,2,North,,100%,110%,"KY, 01902","In metro area, principal city",,,No,Hour18,109.0,EF 17.6,100% Usage,"Asphalt Shingles, Medium",6353.367606915378,1,1,2007,31,12,15,,KY,150%+,Owner,-7.0,1,Medium,Occupied,1980s,1980-99,Electric Standard,Electricity,Yes,Heated Basement,Lexington Bluegrass Ap,38.03,-84.6,F15 B15 L15 R15,"Double, Clear, Non-metal, Air",True,False,20.0,0.0,1110.3,0.0,2179.0,0.0,534.3,2755.0,0.0,92.4,1231.3,29.56,0.0,63.67,0.0,50.0,83.7,0.0,2107.2,2477.1,957.6,272.8
11471,run11471,2025-09-09T06:36:16,2025-09-09T06:36:38,Success,Non-CBSA East South Central,No,20.0,True,Not Available,4A,4A,Hour6,,3,Mixed-Humid,C:/Users/Jainam/Desktop/Resstock/resstock-main/resstock-main/resources/custom_buildstock_20k_filtered.csv,,"Standard Efficiency, No usage",East South Central,East South Central,South,Not in a census Place,Electric,100% Usage,Standard,Yes,100% Usage,Electric Resistance,100% Usage,75F,Yes,2F,Day Setup +3h,Never,Never,Not Applicable,"KY, Hardin County","G2100930, G21001300",Metropolitan,Others,,318 Rated kWh,100% Usage,20 ft^2,Fiberglass,"20% Leakage to Outside, R-8",Attic,2 ft,,data/emissions/cambium/2022/LRMER_MidCase_15,kg/MWh,C:/Users/Jainam/Desktop/Resstock/resstock-main/resstock-main/lib/resources/data/emissions/cambium/2022/LRMER_MidCase_15/SRTVc.csv,lb/MBtu,,,,LRMER_MidCase_15,CO2e,,North-Central,Not Available,SRTVc,Vented Attic,,,,,,Single-Family Detached,Single-Family Detached,Single-Family Detached,1000-1499,0-1499,Slab,,"Single-Family Detached, Slab, Vented Attic, No Garage",2,2,<8,"Brick, Medium/Dark",Wood Frame,1.4,No,Electricity,55F,Yes,3F,Day and Night +3h,Never,Never,No Exterior Use,Uninsulated,90% Usage,Not Available,,Ducted Heat Pump,100% Conditioned,Ducted Heat Pump,Yes,,No,,"ASHP, SEER 15, 8.5 HSPF",Ducted Heat Pump,Electricity ASHP,,,0%,,,No,No,,,,,Not Available,Not Available,Not Available,20 ACH50,R-38,,,,"Unfinished, Uninsulated","2ft R5 Perimeter, Vertical","Wood Stud, R-19","Summer = 0.7, Winter = 0.85",PJM,100% CFL,100% Usage,100% Usage,CR08,,"Elizabethtown-Fort Knox, KY MSA",,,,,,Electricity,Has Pool,Electricity,1.0 HP Pump,,"Cooling Season, 7 days/wk",Left/Right at 15ft,0,North,,100%,110%,"KY, 01300",Not/partially in metro area,,,No,Hour15,109.0,EF 17.6,100% Usage,Composition Shingles,6353.367606915378,1,1,2007,31,12,15,,KY,Not Available,Not Available,0.0,1,Medium,Vacant,2000s,2000-09,Electric Tankless,Electricity,Yes,Living Space,Fort Knox Godman Aaf,37.9,-85.97,F9 B9 L9 R9,"Double, Clear, Metal, Air",True,False,20.0,340.77,614.0,0.0,1228.0,0.0,614.0,1228.0,0.0,0.0,686.4,31.41,48.14,31.41,0.0,0.0,103.4,0.0,1654.8,1740.0,0.0,148.8
15037,run15037,2025-09-09T08:05:06,2025-09-09T08:05:33,Success,Non-CBSA East South Central,No,25.0,True,30-60%,4A,4A,Hour2,,1,Mixed-Humid,C:/Users/Jainam/Desktop/Resstock/resstock-main/resstock-main/resources/custom_buildstock_20k_filtered.csv,,,East South Central,East South Central,South,In another census Place,Electric,80% Usage,EnergyStar,Yes,80% Usage,Electric Resistance,80% Usage,70F,Yes,2F,Night Setup,Never,Never,Not Applicable,"KY, Pulaski County","G2101990, G21000700",Non-Metropolitan,Others,,,80% Usage,20 ft^2,Fiberglass,"30% Leakage to Outside, Uninsulated",Crawlspace,2 ft,,data/emissions/cambium/2022/LRMER_MidCase_15,kg/MWh,C:/Users/Jainam/Desktop/Resstock/resstock-main/resstock-main/lib/resources/data/emissions/cambium/2022/LRMER_MidCase_15/SRTVc.csv,lb/MBtu,,,,LRMER_MidCase_15,CO2e,,North-Central,0-100%,SRTVc,Vented Attic,,,,,,Single-Family Detached,Single-Family Detached,Single-Family Detached,750-999,0-1499,Vented Crawlspace,,"Single-Family Detached, Vented Crawlspace, Vented Attic, No Garage",1,1,<8,,Concrete,1.4,No,Electricity,68F,No,0F,,Never,Never,No Exterior Use,Uninsulated,60% Usage,No,,Ducted Heat Pump,100% Conditioned,Ducted Heat Pump,Yes,,No,,"ASHP, SEER 13, 7.7 HSPF",Ducted Heat Pump,Electricity ASHP,,,0%,,,No,No,,,,,10000-14999,<20000,<20000,25 ACH50,R-30,Uninsulated,Uninsulated,Uninsulated,"Unfinished, Uninsulated",,"CMU, 6-in Hollow, Uninsulated","Summer = 0.7, Winter = 0.85",PJM,100% Incandescent,100% Usage,100% Usage,CR08,,"Somerset, KY MicroSA",,,,,,,,,,,"Cooling Season, 7 days/wk",Left/Right at 15ft,1,Northwest,,50%,110%,"KY, 00700",Not/partially in metro area,,,No,Hour9,93.0,EF 17.6,95% Usage,Composition Shingles,6353.367606915378,1,1,2007,31,12,15,,KY,30-60%,Renter,0.0,1,Low,Occupied,1970s,1960-79,Electric Standard,Electricity,Yes,Living Space,London Corbin Ap,37.08,-84.08,F18 B18 L18 R18,"Single, Clear, Non-metal",True,False,20.0,281.92,881.0,0.0,881.0,0.0,881.0,881.0,0.0,95.6,985.0,36.98,62.4,36.98,0.0,30.0,0.0,0.0,991.2,1113.6,495.6,178.4
15491,run15491,2025-09-09T08:16:46,2025-09-09T08:17:16,Success,Non-CBSA East South Central,No,30.0,True,150%+,4A,4A,Hour8,,2,Mixed-Humid,C:/Users/Jainam/Desktop/Resstock/resstock-main/resstock-main/resources/custom_buildstock_20k_filtered.csv,,Standard Efficiency,East South Central,East South Central,South,Not in a census Place,Electric,100% Usage,Standard,Yes,100% Usage,Electric Resistance,100% Usage,68F,No,0F,,Never,Never,Not Applicable,"KY, Washington County","G2102290, G21001200",Non-Metropolitan,Others,,318 Rated kWh,100% Usage,20 ft^2,Fiberglass,"20% Leakage to Outside, Uninsulated",Unheated Basement,2 ft,,data/emissions/cambium/2022/LRMER_MidCase_15,kg/MWh,C:/Users/Jainam/Desktop/Resstock/resstock-main/resstock-main/lib/resources/data/emissions/cambium/2022/LRMER_MidCase_15/SRTVc.csv,lb/MBtu,,,,LRMER_MidCase_15,CO2e,,North-Central,400%+,SRTVc,Finished Attic or Cathedral Ceilings,,,,,,Single-Family Detached,Single-Family Detached,Single-Family Detached,2000-2499,1500-2499,Unheated Basement,,"Single-Family Detached, Unheated Basement, Finished Attic, No Garage",2,2,<8,"Brick, Medium/Dark",Wood Frame,1.1,No,Electricity,72F,Yes,3F,Day -1h,Never,Never,No Exterior Use,Uninsulated,110% Usage,No,,Ducted Heat Pump,100% Conditioned,Ducted Heat Pump,Yes,,No,,"ASHP, SEER 13, 7.7 HSPF",Ducted Heat Pump,Electricity ASHP,,,0%,,,No,No,,,,,100000-119999,100000-119999,100000-149999,30 ACH50,,Uninsulated,Uninsulated,Uninsulated,"Finished, R-7",,"Wood Stud, Uninsulated","Summer = 0.7, Winter = 0.85",PJM,100% LED,100% Usage,100% Usage,CR08,,,,"EF 12, National Average",,,,,,,,,"Cooling Season, 7 days/wk",Left/Right at 15ft,2,Southwest,,100%,110%,"KY, 01200",Not/partially in metro area,,,No,Hour6,109.0,EF 19.9,100% Usage,"Asphalt Shingles, Medium",6353.367606915378,1,1,2007,31,12,15,,KY,150%+,Owner,0.0,1,Medium,Occupied,<1940,<1940,Electric Standard,Electricity,Yes,Unheated Basement,Somerset Awos,38.0,-84.6,F12 B12 L12 R12,"Double, Low-E, Non-metal, Air, M-Gain",True,False,20.0,604.67,0.0,0.0,2179.0,0.0,1089.5,2179.0,0.0,106.2,1218.0,56.27,93.04,56.27,0.0,30.0,0.0,0.0,1253.6,1253.6,1102.2,150.4
16113,run16113,2025-09-09T08:32:49,2025-09-09T08:33:11,Success,Non-CBSA East South Central,No,25.0,True,Not Available,4A,4A,Hour18,,1,Mixed-Humid,C:/Users/Jainam/Desktop/Resstock/resstock-main/resstock-main/resources/custom_buildstock_20k_filtered.csv,,"Standard Efficiency, No usage",East South Central,East South Central,South,Not in a census Place,Electric,100% Usage,Standard,Yes,100% Usage,Electric Resistance,100% Usage,68F,No,0F,,Never,Never,Not Applicable,"KY, Floyd County","G2100710, G21001100",Non-Metropolitan,Others,,318 Rated kWh,100% Usage,20 ft^2,Fiberglass,"30% Leakage to Outside, R-4",Attic,2 ft,,data/emissions/cambium/2022/LRMER_MidCase_15,kg/MWh,C:/Users/Jainam/Desktop/Resstock/resstock-main/resstock-main/lib/resources/data/emissions/cambium/2022/LRMER_MidCase_15/RFCWc.csv,lb/MBtu,,,,LRMER_MidCase_15,CO2e,,North-Central,Not Available,RFCWc,Vented Attic,,,,,,Single-Family Detached,Single-Family Detached,Single-Family Detached,500-749,0-1499,Slab,,"Single-Family Detached, Slab, Vented Attic, No Garage",1,1,<8,"Brick, Medium/Dark",Wood Frame,2.0,No,Electricity,55F,No,0F,,Never,Never,No Exterior Use,Uninsulated,100% Usage,Not Available,,Ducted Heat Pump,100% Conditioned,Ducted Heat Pump,Yes,,No,,"ASHP, SEER 13, 7.7 HSPF",Ducted Heat Pump,Electricity ASHP,,,0%,,,No,No,,,,,Not Available,Not Available,Not Available,25 ACH50,R-30,,,,"Unfinished, Uninsulated","2ft R5 Under, Horizontal","Wood Stud, R-11","Summer = 0.7, Winter = 0.85",PJM,100% Incandescent,100% Usage,100% Usage,CR08,,,,,,,,,,,,,"Cooling Season, 7 days/wk",Left/Right at 15ft,0,Southeast,,100%,110%,"KY, 01100",Not/partially in metro area,,,No,Hour19,110.0,EF 17.6,100% Usage,"Metal, Dark",6353.367606915378,1,1,2007,31,12,15,,KY,Not Available,Not Available,0.0,1,Medium,Vacant,1990s,1980-99,Electric Standard,Electricity,Yes,Living Space,Jackson-Carroll AP,37.583,-83.317,F12 B12 L12 R12,"Single, Clear, Metal",True,False,20.0,202.88,634.0,0.0,634.0,0.0,634.0,634.0,0.0,0.0,708.8,30.09,44.77,30.09,0.0,30.0,105.1,0.0,840.8,928.8,0.0,100.8
16197,run16197,2025-09-09T08:34:56,2025-09-09T08:35:18,Success,Non-CBSA East South Central,No,15.0,True,Not Available,4A,4A,Hour2,,2,Mixed-Humid,C:/Users/Jainam/Desktop/Resstock/resstock-main/resstock-main/resources/custom_buildstock_20k_filtered.csv,,,East South Central,East South Central,South,In another census Place,Electric,100% Usage,Standard,Yes,100% Usage,Electric Resistance,100% Usage,70F,Yes,2F,Night Setup +5h,Never,Never,Not Applicable,"KY, Montgomery County","G2101730, G21002700",Non-Metropolitan,Others,,290 Rated kWh,100% Usage,20 ft^2,Fiberglass,"0% Leakage to Outside, Uninsulated",Living Space,2 ft,,data/emissions/cambium/2022/LRMER_MidCase_15,kg/MWh,C:/Users/Jainam/Desktop/Resstock/resstock-main/resstock-main/lib/resources/data/emissions/cambium/2022/LRMER_MidCase_15/SRTVc.csv,lb/MBtu,,,,LRMER_MidCase_15,CO2e,,North-Central,Not Available,SRTVc,,,,,,,Single-Family Detached,Single-Family Detached,Single-Family Detached,1000-1499,0-1499,Slab,,"Single-Family Detached, Slab, No Attic, No Garage",1,1,<8,"Brick, Medium/Dark",Wood Frame,1.4,No,Electricity,55F,Yes,3F,Night,Never,Never,No Exterior Use,Uninsulated,110% Usage,Not Available,,"AC, SEER 13",100% Conditioned,Central AC,Yes,,No,,"Electric Furnace, 100% AFUE",Ducted Heating,Electricity Electric Furnace,,,0%,,,No,No,,,,,Not Available,Not Available,Not Available,15 ACH50,,,,,"Finished, R-30","2ft R10 Perimeter, Vertical","Wood Stud, R-11","Summer = 0.7, Winter = 0.85",PJM,100% LED,100% Usage,100% Usage,CR08,,"Mount Sterling, KY MicroSA",EF 17.6,,,,,,,,,,"Cooling Season, 7 days/wk",Left/Right at 15ft,0,East,,100%,110%,"KY, 02700",Not/partially in metro area,,,No,Hour16,109.0,EF 17.6,100% Usage,Composition Shingles,6353.367606915378,1,1,2007,31,12,15,,KY,Not Available,Not Available,0.0,1,Medium,Vacant,1990s,1980-99,Electric Standard,Electricity,Yes,Living Space,Lexington Bluegrass Ap,38.03,-84.6,F18 B18 L18 R18,"Double, Clear, Metal, Air",True,False,20.0,0.0,0.0,0.0,1228.0,0.0,1228.0,1228.0,0.0,0.0,1228.0,19.41,0.0,32.69,0.0,30.0,146.3,0.0,1170.2,1170.2,0.0,210.6
17177,run17177,2025-09-09T09:00:46,2025-09-09T09:01:15,Success,Non-CBSA East South Central,No,10.0,True,Not Available,4A,4A,Hour21,,2,Mixed-Humid,C:/Users/Jainam/Desktop/Resstock/resstock-main/resstock-main/resources/custom_buildstock_20k_filtered.csv,,"Standard Efficiency, No usage",East South Central,East South Central,South,Not in a census Place,Electric,120% Usage,Standard,Yes,120% Usage,Electric Induction,120% Usage,70F,Yes,5F,Day and Night Setup -5h,2 weeks,Aug 24 - Sep 6,Not Applicable,"KY, Hardin County","G2100930, G21001200",Metropolitan,Others,,318 Rated kWh,120% Usage,20 ft^2,Fiberglass,"10% Leakage to Outside, R-8",Attic,2 ft,,data/emissions/cambium/2022/LRMER_MidCase_15,kg/MWh,C:/Users/Jainam/Desktop/Resstock/resstock-main/resstock-main/lib/resources/data/emissions/cambium/2022/LRMER_MidCase_15/SRTVc.csv,lb/MBtu,,,,LRMER_MidCase_15,CO2e,,North-Central,Not Available,SRTVc,Vented Attic,,,,,,Single-Family Detached,Single-Family Detached,Single-Family Detached,1500-1999,1500-2499,Slab,2 Car,"Single-Family Detached, Slab, Vented Attic, 2 Car Garage",2,2,<8,"Brick, Medium/Dark",Wood Frame,1.1,No,Electricity,55F,No,0F,,Year round,Jan 1 - Dec 31,No Exterior Use,Uninsulated,120% Usage,Not Available,,"AC, SEER 13",100% Conditioned,Central AC,Yes,,No,,"Electric Furnace, 100% AFUE",Ducted Heating,Electricity Electric Furnace,,,0%,,,No,No,,,,,Not Available,Not Available,Not Available,10 ACH50,R-38,,,,"Unfinished, Uninsulated","2ft R5 Perimeter, Vertical","Wood Stud, R-11","Summer = 0.7, Winter = 0.85",PJM,100% LED,100% Usage,100% Usage,CR08,,"Elizabethtown-Fort Knox, KY MSA",,,,,,,,,,,"Cooling Season, 7 days/wk",Left/Right at 15ft,0,North,,200%,110%,"KY, 01200",Not/partially in metro area,,,No,Hour17,109.0,EF 19.9,105% Usage,Composition Shingles,6353.367606915378,1,1,2007,31,12,15,,KY,Not Available,Not Available,0.0,1,High,Vacant,2000s,2000-09,Electric Premium,Electricity,Yes,Living Space,Fort Knox Godman Aaf,37.9,-85.97,F15 B15 L15 R15,"Double, Clear, Metal, Air",True,False,20.0,471.2,1137.0,0.0,1698.0,0.0,561.0,2274.0,0.0,0.0,1262.2,32.73,0.0,54.33,0.0,30.0,85.6,0.0,2138.0,2512.8,0.0,277.6
17407,run17407,2025-09-09T09:06:42,2025-09-09T09:07:05,Success,Non-CBSA East South Central,No,25.0,True,Not Available,4A,4A,Hour1,,1,Mixed-Humid,C:/Users/Jainam/Desktop/Resstock/resstock-main/resstock-main/resources/custom_buildstock_20k_filtered.csv,,"Standard Efficiency, No usage",East South Central,East South Central,South,Not in a census Place,Electric,120% Usage,Standard,Yes,120% Usage,Electric Resistance,120% Usage,70F,No,0F,,Never,Never,Not Applicable,"KY, Garrard County","G2100790, G21002100",Non-Metropolitan,Others,,318 Rated kWh,120% Usage,20 ft^2,Fiberglass,"10% Leakage to Outside, R-4",Attic,2 ft,,data/emissions/cambium/2022/LRMER_MidCase_15,kg/MWh,C:/Users/Jainam/Desktop/Resstock/resstock-main/resstock-main/lib/resources/data/emissions/cambium/2022/LRMER_MidCase_15/SRTVc.csv,lb/MBtu,,,,LRMER_MidCase_15,CO2e,,North-Central,Not Available,SRTVc,Vented Attic,,,,,,Single-Family Detached,Single-Family Detached,Single-Family Detached,0-499,0-1499,Slab,1 Car,"Single-Family Detached, Slab, Vented Attic, 1 Car Garage",1,1,<8,"Vinyl, Light",Concrete,1.1,No,Electricity,55F,No,0F,,Never,Never,No Exterior Use,Uninsulated,140% Usage,Not Available,,"AC, SEER 8",100% Conditioned,Central AC,Yes,,No,,"Electric Furnace, 100% AFUE",Ducted Heating,Electricity Electric Furnace,,,0%,,,No,No,,,,,Not Available,Not Available,Not Available,25 ACH50,R-30,,,,"Unfinished, Uninsulated",Uninsulated,"CMU, 6-in Hollow, R-11","Summer = 0.7, Winter = 0.85",PJM,100% Incandescent,100% Usage,100% Usage,CR08,,,,"EF 12, National Average",,,,,,,,,"Cooling Season, 7 days/wk",Left/Right at 15ft,0,West,,200%,110%,"KY, 02100",Not/partially in metro area,,,No,Hour17,109.0,EF 19.9,105% Usage,"Asphalt Shingles, Medium",6353.367606915378,1,1,2007,31,12,15,,KY,Not Available,Not Available,0.0,1,High,Vacant,1980s,1980-99,Electric Standard,Electricity,Yes,Living Space,Somerset Awos,38.0,-84.6,F15 B15 L15 R15,"Double, Clear, Non-metal, Air",True,False,20.0,95.36,298.0,0.0,298.0,0.0,298.0,586.0,0.0,0.0,655.1,13.18,0.0,16.41,0.0,30.0,62.5,0.0,649.9,996.9,0.0,74.9
17683,run17683,2025-09-09T09:14:09,2025-09-09T09:14:38,Success,Non-CBSA East South Central,No,15.0,True,80-100%,4A,4A,Hour4,,2,Mixed-Humid,C:/Users/Jainam/Desktop/Resstock/resstock-main/resstock-main/resources/custom_buildstock_20k_filtered.csv,,Standard Efficiency,East South Central,East South Central,South,"KY, Lexington-Fayette",Electric,120% Usage,Standard,Yes,120% Usage,Electric Resistance,120% Usage,75F,No,0F,,Never,Never,Not Applicable,"KY, Fayette County","G2100670, G21001902",Metropolitan,Others,,318 Rated kWh,120% Usage,20 ft^2,Fiberglass,"20% Leakage to Outside, R-4",Garage,2 ft,,data/emissions/cambium/2022/LRMER_MidCase_15,kg/MWh,C:/Users/Jainam/Desktop/Resstock/resstock-main/resstock-main/lib/resources/data/emissions/cambium/2022/LRMER_MidCase_15/SRTVc.csv,lb/MBtu,,,,LRMER_MidCase_15,CO2e,,North-Central,300-400%,SRTVc,,,,,,,Single-Family Detached,Single-Family Detached,Single-Family Detached,1500-1999,1500-2499,Slab,2 Car,"Single-Family Detached, Slab, No Attic, 2 Car Garage",1,1,<8,"Vinyl, Light",Wood Frame,1.1,No,Electricity,65F,No,0F,,Never,Never,No Exterior Use,Uninsulated,130% Usage,No,,"AC, SEER 15",100% Conditioned,Central AC,Yes,,Yes,,"Electric Baseboard, 100% Efficiency",Non-Ducted Heating,Electricity Baseboard,,,0%,,,No,No,,,,,50000-59999,40000-59999,40000-59999,15 ACH50,,,,,"Finished, R-19",Uninsulated,"Wood Stud, R-19","Summer = 0.7, Winter = 0.85",PJM,100% Incandescent,100% Usage,100% Usage,CR08,,"Lexington-Fayette, KY MSA",EF 17.6,"EF 12, National Average",,,,,Has Pool,Electricity,1.0 HP Pump,,"Cooling Season, 7 days/wk",Left/Right at 15ft,2,Northwest,,200%,110%,"KY, 01902","In metro area, principal city",,,No,Hour21,109.0,EF 19.9,105% Usage,"Asphalt Shingles, Medium",6353.367606915378,1,1,2007,31,12,15,,KY,100-120%,Owner,0.0,1,High,Occupied,1980s,1980-99,Electric Standard,Electricity,Yes,Living Space,Lexington Bluegrass Ap,38.03,-84.6,F30 B30 L30 R30,"Double, Low-E, Non-metal, Air, M-Gain",True,False,20.0,543.36,0.0,0.0,1698.0,0.0,1698.0,2274.0,0.0,0.0,2274.0,34.28,0.0,43.99,0.0,30.0,150.0,0.0,1488.0,1680.0,0.0,360.0
17858,run17858,2025-09-09T09:18:46,2025-09-09T09:19:14,Success,Non-CBSA East South Central,No,50.0,True,120-150%,4A,4A,Hour4,,2,Mixed-Humid,C:/Users/Jainam/Desktop/Resstock/resstock-main/resstock-main/resources/custom_buildstock_20k_filtered.csv,,Standard Efficiency,East South Central,East South Central,South,Not in a census Place,Electric,80% Usage,EnergyStar,Yes,80% Usage,Electric Resistance,80% Usage,75F,Yes,5F,Night Setback +5h,Never,Never,Not Applicable,"KY, Knox County","G2101210, G21000900",Non-Metropolitan,Others,,318 Rated kWh,80% Usage,20 ft^2,Fiberglass,"0% Leakage to Outside, Uninsulated",Living Space,2 ft,,data/emissions/cambium/2022/LRMER_MidCase_15,kg/MWh,C:/Users/Jainam/Desktop/Resstock/resstock-main/resstock-main/lib/resources/data/emissions/cambium/2022/LRMER_MidCase_15/SRTVc.csv,lb/MBtu,,,,LRMER_MidCase_15,CO2e,,North-Central,300-400%,SRTVc,,,,,,,Single-Family Detached,Single-Family Detached,Single-Family Detached,1500-1999,1500-2499,Slab,,"Single-Family Detached, Slab, No Attic, No Garage",1,1,<8,"Brick, Medium/Dark",Wood Frame,1.7,No,Electricity,70F,Yes,3F,Night -3h,Never,Never,No Exterior Use,Uninsulated,80% Usage,No,,Ducted Heat Pump,100% Conditioned,Ducted Heat Pump,Yes,,No,,"ASHP, SEER 15, 8.5 HSPF",Ducted Heat Pump,Electricity ASHP,,,0%,,,No,No,,,,,50000-59999,40000-59999,40000-59999,50 ACH50,,,,,"Finished, R-19",Uninsulated,"Wood Stud, Uninsulated","Summer = 0.7, Winter = 0.85",PJM,100% LED,100% Usage,100% Usage,CR08,,"London, KY MicroSA",,"EF 12, National Average",,,,,,,,,"Cooling Season, 7 days/wk",Left/Right at 15ft,2,West,,50%,110%,"KY, 00900",Not/partially in metro area,,,No,Hour17,109.0,EF 6.7,95% Usage,Composition Shingles,6353.367606915378,1,1,2007,31,12,15,,KY,120-150%,Owner,0.0,1,Low,Occupied,1950s,1940-59,Electric Premium,Electricity,Yes,Living Space,London Corbin Ap,37.08,-84.08,F12 B12 L12 R12,"Double, Clear, Non-metal, Air",True,False,20.0,0.0,0.0,0.0,1698.0,0.0,1698.0,1698.0,0.0,0.0,1698.0,37.71,86.03,37.71,0.0,30.0,172.0,0.0,1376.0,1376.0,0.0,165.2
18987,run18987,2025-09-09T09:48:44,2025-09-09T09:49:16,Success,Non-CBSA East South Central,No,20.0,True,150%+,4A,4A,Hour4,,3,Mixed-Humid,C:/Users/Jainam/Desktop/Resstock/resstock-main/resstock-main/resources/custom_buildstock_20k_filtered.csv,,Standard Efficiency,East South Central,East South Central,South,"KY, Lexington-Fayette",Electric,100% Usage,Standard,Yes,100% Usage,Electric Resistance,100% Usage,72F,No,0F,,Never,Never,Not Applicable,"KY, Fayette County","G2100670, G21001901",Metropolitan,Others,,290 Rated kWh,100% Usage,20 ft^2,Fiberglass,"0% Leakage to Outside, Uninsulated",Heated Basement,2 ft,,data/emissions/cambium/2022/LRMER_MidCase_15,kg/MWh,C:/Users/Jainam/Desktop/Resstock/resstock-main/resstock-main/lib/resources/data/emissions/cambium/2022/LRMER_MidCase_15/SRTVc.csv,lb/MBtu,,,,LRMER_MidCase_15,CO2e,,North-Central,400%+,SRTVc,,,,,,,Single-Family Detached,Single-Family Detached,Single-Family Detached,1000-1499,0-1499,Heated Basement,,"Single-Family Detached, Heated Basement, No Attic, No Garage",1,1,<8,"Brick, Medium/Dark",Wood Frame,0.8,No,Electricity,70F,Yes,3F,Night +5h,Never,Never,No Exterior Use,Uninsulated,110% Usage,No,,Ducted Heat Pump,100% Conditioned,Ducted Heat Pump,Yes,,No,,"ASHP, SEER 15, 8.5 HSPF",Ducted Heat Pump,Electricity ASHP,,,0%,,,No,No,,,,,100000-119999,100000-119999,100000-149999,20 ACH50,,Uninsulated,Uninsulated,Uninsulated,"Finished, R-7",,"Wood Stud, Uninsulated","Summer = 0.7, Winter = 0.85",PJM,100% CFL,100% Usage,100% Usage,CR08,,"Lexington-Fayette, KY MSA",,,,,,,,,,,"Cooling Season, 7 days/wk",Left/Right at 15ft,2,South,,100%,110%,"KY, 01901","In metro area, principal city",,,No,Hour21,109.0,EF 19.9,100% Usage,"Metal, Dark",6353.367606915378,1,1,2007,31,12,15,,KY,150%+,Owner,-7.0,1,Medium,Occupied,1950s,1940-59,Electric Standard,Electricity,Yes,Heated Basement,Lexington Bluegrass Ap,38.03,-84.6,F12 B12 L12 R12,"Double, Clear, Metal, Air",True,False,20.0,0.0,0.0,0.0,1228.0,0.0,614.0,1228.0,0.0,79.6,614.0,22.74,44.69,22.74,0.0,50.0,103.4,0.0,827.6,827.6,827.6,99.2
19882,run19882,2025-09-09T10:13:06,2025-09-09T10:13:34,Success,Non-CBSA East South Central,No,50.0,True,Not Available,4A,4A,Hour18,,1,Mixed-Humid,C:/Users/Jainam/Desktop/Resstock/resstock-main/resstock-main/resources/custom_buildstock_20k_filtered.csv,,"Standard Efficiency, No usage",East South Central,East South Central,South,In another census Place,Electric,80% Usage,EnergyStar,Yes,80% Usage,Electric Resistance,80% Usage,75F,Yes,2F,Night Setup -3h,Never,Never,Not Applicable,"KY, Bourbon County","G2100170, G21002300",Metropolitan,Others,,318 Rated kWh,80% Usage,20 ft^2,Fiberglass,"30% Leakage to Outside, Uninsulated",Crawlspace,2 ft,,data/emissions/cambium/2022/LRMER_MidCase_15,kg/MWh,C:/Users/Jainam/Desktop/Resstock/resstock-main/resstock-main/lib/resources/data/emissions/cambium/2022/LRMER_MidCase_15/SRTVc.csv,lb/MBtu,,,,LRMER_MidCase_15,CO2e,,North-Central,Not Available,SRTVc,,,,,,,Single-Family Detached,Single-Family Detached,Single-Family Detached,0-499,0-1499,Vented Crawlspace,,"Single-Family Detached, Vented Crawlspace, No Attic, No Garage",1,1,<8,"Brick, Medium/Dark",Wood Frame,1.4,No,Electricity,55F,No,0F,,Never,Never,No Exterior Use,Uninsulated,60% Usage,Not Available,,Ducted Heat Pump,100% Conditioned,Ducted Heat Pump,Yes,,No,,"ASHP, SEER 13, 7.7 HSPF",Ducted Heat Pump,Electricity ASHP,,,0%,,,No,No,,,,,Not Available,Not Available,Not Available,50 ACH50,,Uninsulated,Uninsulated,Uninsulated,"Finished, R-7",,"Wood Stud, Uninsulated","Summer = 0.7, Winter = 0.85",PJM,100% CFL,100% Usage,100% Usage,CR08,,"Lexington-Fayette, KY MSA",,"EF 12, National Average",,,,,,,,,"Cooling Season, 7 days/wk",Left/Right at 15ft,0,North,,50%,110%,"KY, 02300",Not/partially in metro area,,,No,Hour18,109.0,EF 17.6,95% Usage,"Asphalt Shingles, Medium",6353.367606915378,1,1,2007,31,12,15,,KY,Not Available,Not Available,0.0,1,Low,Vacant,1970s,1960-79,Electric Standard,Electricity,Yes,Living Space,Lexington Bluegrass Ap,38.03,-84.6,F18 B18 L18 R18,"Double, Clear, Non-metal, Air",True,False,20.0,95.36,0.0,0.0,298.0,0.0,298.0,298.0,0.0,55.6,298.0,24.17,34.3,24.17,0.0,30.0,0.0,0.0,576.4,576.4,288.2,103.8
20317,run20317,2025-09-09T10:25:12,2025-09-09T10:25:37,Success,Non-CBSA East South Central,No,15.0,True,Not Available,4A,4A,Hour19,,1,Mixed-Humid,C:/Users/Jainam/Desktop/Resstock/resstock-main/resstock-main/resources/custom_buildstock_20k_filtered.csv,,"Standard Efficiency, No usage",East South Central,East South Central,South,Not in a census Place,Electric,120% Usage,Standard,Yes,120% Usage,Electric Resistance,120% Usage,78F,No,0F,,Never,Never,Not Applicable,"KY, Knott County","G2101190, G21001000",Non-Metropolitan,Others,,290 Rated kWh,120% Usage,20 ft^2,Fiberglass,"20% Leakage to Outside, R-8",Attic,2 ft,,data/emissions/cambium/2022/LRMER_MidCase_15,kg/MWh,C:/Users/Jainam/Desktop/Resstock/resstock-main/resstock-main/lib/resources/data/emissions/cambium/2022/LRMER_MidCase_15/RFCWc.csv,lb/MBtu,,,,LRMER_MidCase_15,CO2e,,North-Central,Not Available,RFCWc,Vented Attic,,,,,,Single-Family Detached,Single-Family Detached,Single-Family Detached,0-499,0-1499,Slab,1 Car,"Single-Family Detached, Slab, Vented Attic, 1 Car Garage",1,1,<8,"Vinyl, Light",Wood Frame,1.1,No,Electricity,55F,Yes,3F,Night +3h,Never,Never,No Exterior Use,Uninsulated,120% Usage,Not Available,,Ducted Heat Pump,100% Conditioned,Ducted Heat Pump,Yes,,No,,"ASHP, SEER 10, 6.2 HSPF",Ducted Heat Pump,Electricity ASHP,,,0%,,,No,No,,,,,Not Available,Not Available,Not Available,15 ACH50,R-30,,,,"Unfinished, Uninsulated","2ft R5 Perimeter, Vertical","Wood Stud, R-11","Summer = 0.7, Winter = 0.85",PJM,100% CFL,100% Usage,100% Usage,CR08,,,EF 17.6,"EF 12, National Average",,,,,,,,,"Cooling Season, 7 days/wk",Left/Right at 15ft,0,South,,200%,110%,"KY, 01000",Not/partially in metro area,,,No,Hour14,110.0,EF 15.9,105% Usage,"Asphalt Shingles, Medium",6353.367606915378,1,1,2007,31,12,15,,KY,Not Available,Not Available,0.0,1,High,Vacant,2000s,2000-09,Electric Standard,Electricity,Yes,Living Space,Jackson-Carroll AP,37.583,-83.317,F12 B12 L12 R12,"Double, Clear, Non-metal, Air, Exterior Clear Storm",True,False,20.0,95.36,298.0,0.0,298.0,0.0,298.0,586.0,0.0,0.0,655.1,13.7,12.84,13.7,0.0,30.0,62.5,0.0,649.9,996.9,0.0,60.0
20379,run20379,2025-09-09T10:26:51,2025-09-09T10:27:25,Success,Non-CBSA East South Central,No,15.0,True,150%+,4A,4A,Hour6,,3,Mixed-Humid,C:/Users/Jainam/Desktop/Resstock/resstock-main/resstock-main/resources/custom_buildstock_20k_filtered.csv,,,East South Central,East South Central,South,In another census Place,Electric,80% Usage,Standard,Yes,80% Usage,Electric Resistance,80% Usage,75F,No,0F,,Never,Never,Not Applicable,"KY, Crittenden County","G2100550, G21000200",Non-Metropolitan,Others,,290 Rated kWh,80% Usage,20 ft^2,Fiberglass,"20% Leakage to Outside, Uninsulated",Crawlspace,2 ft,,data/emissions/cambium/2022/LRMER_MidCase_15,kg/MWh,C:/Users/Jainam/Desktop/Resstock/resstock-main/resstock-main/lib/resources/data/emissions/cambium/2022/LRMER_MidCase_15/SRTVc.csv,lb/MBtu,,,,LRMER_MidCase_15,CO2e,,North-Central,400%+,SRTVc,,,,,,,Single-Family Detached,Single-Family Detached,Single-Family Detached,2000-2499,1500-2499,Unvented Crawlspace,,"Single-Family Detached, Unvented Crawlspace, No Attic, No Garage",2,2,<8,"Brick, Medium/Dark",Wood Frame,1.1,No,Electricity,70F,No,0F,,Never,Never,No Exterior Use,Uninsulated,70% Usage,No,,Ducted Heat Pump,100% Conditioned,Ducted Heat Pump,Yes,,No,,"ASHP, SEER 13, 7.7 HSPF",Ducted Heat Pump,Electricity ASHP,,,0%,,,No,No,,,,,100000-119999,100000-119999,100000-149999,15 ACH50,,Uninsulated,"Wall R-10, Exterior","R-10, Exterior","Finished, R-30",,"Wood Stud, R-15","Summer = 0.7, Winter = 0.85",MISO,100% Incandescent,100% Usage,100% Usage,CR08,,,EF 21.9,"EF 12, National Average",,,,,,,,,"Cooling Season, 7 days/wk",Left/Right at 15ft,4,Northeast,,50%,110%,"KY, 00200",Not/partially in metro area,,,No,Hour18,108.0,EF 21.9,95% Usage,Composition Shingles,6353.367606915378,1,1,2007,31,12,15,,KY,150%+,Owner,0.0,1,Low,Occupied,1990s,1980-99,Electric Standard,Electricity,Yes,Living Space,Henderson City,37.82,-87.68,F9 B9 L9 R9,"Double, Low-E, Non-metal, Air, M-Gain",True,False,20.0,604.67,0.0,0.0,2179.0,0.0,1089.5,2179.0,0.0,106.2,1089.5,39.81,57.61,39.81,0.0,50.0,0.0,0.0,2204.2,2204.2,551.0,198.4
20753,run20753,2025-09-09T10:37:12,2025-09-09T10:37:40,Success,Non-CBSA East South Central,No,50.0,True,Not Available,4A,4A,Hour4,,1,Mixed-Humid,C:/Users/Jainam/Desktop/Resstock/resstock-main/resstock-main/resources/custom_buildstock_20k_filtered.csv,,"Standard Efficiency, No usage",East South Central,East South Central,South,Not in a census Place,Electric,80% Usage,Standard,Yes,80% Usage,Electric Resistance,80% Usage,70F,Yes,5F,Night Setback +2h,Never,Never,Not Applicable,"KY, Pulaski County","G2101990, G21000700",Non-Metropolitan,Others,,318 Rated kWh,80% Usage,20 ft^2,Fiberglass,"0% Leakage to Outside, Uninsulated",Heated Basement,2 ft,,data/emissions/cambium/2022/LRMER_MidCase_15,kg/MWh,C:/Users/Jainam/Desktop/Resstock/resstock-main/resstock-main/lib/resources/data/emissions/cambium/2022/LRMER_MidCase_15/SRTVc.csv,lb/MBtu,,,,LRMER_MidCase_15,CO2e,,North-Central,Not Available,SRTVc,Vented Attic,,,,,,Single-Family Detached,Single-Family Detached,Single-Family Detached,500-749,0-1499,Heated Basement,,"Single-Family Detached, Heated Basement, Vented Attic, No Garage",1,1,<8,"Wood, Medium/Dark",Wood Frame,1.4,No,Electricity,55F,No,0F,,Never,Never,No Exterior Use,Uninsulated,80% Usage,Not Available,,"AC, SEER 15",100% Conditioned,Central AC,Yes,,No,,"Electric Furnace, 100% AFUE",Ducted Heating,Electricity Electric Furnace,,,0%,,,No,No,,,,,Not Available,Not Available,Not Available,50 ACH50,R-13,Uninsulated,Uninsulated,Uninsulated,"Unfinished, Uninsulated",,"Wood Stud, Uninsulated","Summer = 0.7, Winter = 0.85",PJM,100% CFL,100% Usage,100% Usage,CR08,,"Somerset, KY MicroSA",EF 17.6,"EF 12, National Average",,,,,,,,,"Cooling Season, 7 days/wk",Left/Right at 15ft,0,South,,50%,110%,"KY, 00700",Not/partially in metro area,,,No,Hour15,93.0,EF 19.9,95% Usage,"Asphalt Shingles, Medium",6353.367606915378,1,1,2007,31,12,15,,KY,Not Available,Not Available,-7.0,1,Low,Vacant,<1940,<1940,Electric Standard,Electricity,Yes,Heated Basement,London Corbin Ap,37.08,-84.08,F15 B15 L15 R15,"Single, Clear, Non-metal",True,False,20.0,0.0,317.0,0.0,634.0,0.0,317.0,634.0,0.0,57.2,354.4,17.99,0.0,38.55,0.0,30.0,74.3,0.0,594.6,638.6,594.6,89.2
21494,run21494,2025-09-09T10:57:30,2025-09-09T10:58:03,Success,Non-CBSA East South Central,No,25.0,True,80-100%,4A,4A,Hour1,,3,Mixed-Humid,C:/Users/Jainam/Desktop/Resstock/resstock-main/resstock-main/resources/custom_buildstock_20k_filtered.csv,,Standard Efficiency,East South Central,East South Central,South,Not in a census Place,Electric,80% Usage,Standard,Yes,80% Usage,Electric Resistance,80% Usage,67F,No,0F,,Never,Never,Not Applicable,"KY, Ohio County","G2101830, G21001400",Non-Metropolitan,Others,,290 Rated kWh,80% Usage,20 ft^2,Fiberglass,"0% Leakage to Outside, Uninsulated",Heated Basement,2 ft,,data/emissions/cambium/2022/LRMER_MidCase_15,kg/MWh,C:/Users/Jainam/Desktop/Resstock/resstock-main/resstock-main/lib/resources/data/emissions/cambium/2022/LRMER_MidCase_15/SRTVc.csv,lb/MBtu,,,,LRMER_MidCase_15,CO2e,,North-Central,200-300%,SRTVc,Vented Attic,,,,,,Single-Family Detached,Single-Family Detached,Single-Family Detached,1000-1499,0-1499,Heated Basement,,"Single-Family Detached, Heated Basement, Vented Attic, No Garage",1,1,<8,"Brick, Medium/Dark",Concrete,1.7,No,Electricity,70F,Yes,3F,Night +4h,Never,Never,No Exterior Use,Uninsulated,80% Usage,No,,Ducted Heat Pump,100% Conditioned,Ducted Heat Pump,Yes,,No,,"ASHP, SEER 15, 8.5 HSPF",Ducted Heat Pump,Electricity ASHP,,,0%,,,No,No,,,,,60000-69999,60000-79999,60000-99999,25 ACH50,R-49,Uninsulated,Uninsulated,Uninsulated,"Unfinished, Uninsulated",,"CMU, 6-in Hollow, R-7","Summer = 0.7, Winter = 0.85",MISO,100% Incandescent,100% Usage,100% Usage,CR08,,,EF 17.6,,,,,,,,,,"Cooling Season, 7 days/wk",Left/Right at 15ft,5,South,,50%,110%,"KY, 01400",Not/partially in metro area,,,No,Hour17,108.0,EF 17.6,95% Usage,"Asphalt Shingles, Medium",6353.367606915378,1,1,2007,31,12,15,,KY,100-120%,Owner,-7.0,1,Low,Occupied,1970s,1960-79,Electric Standard,Electricity,Yes,Heated Basement,Bowling Green Warren Co Ap,36.98,-86.43,F9 B9 L9 R9,"Double, Clear, Non-metal, Air",True,False,20.0,0.0,614.0,0.0,1228.0,0.0,614.0,1228.0,0.0,79.6,686.4,21.31,40.43,21.31,0.0,50.0,103.4,0.0,827.6,912.8,827.6,74.4
21898,run21898,2025-09-09T11:08:36,2025-09-09T11:09:06,Success,Non-CBSA East South Central,No,50.0,True,Not Available,4A,4A,Hour5,,2,Mixed-Humid,C:/Users/Jainam/Desktop/Resstock/resstock-main/resstock-main/resources/custom_buildstock_20k_filtered.csv,,,East South Central,East South Central,South,In another census Place,Electric,100% Usage,Standard,Yes,100% Usage,Electric Resistance,100% Usage,72F,Yes,2F,Night Setback -3h,Never,Never,Not Applicable,"KY, Greenup County","G2100890, G21002800",Metropolitan,Others,,290 Rated kWh,100% Usage,20 ft^2,Fiberglass,"20% Leakage to Outside, R-4",Attic,2 ft,,data/emissions/cambium/2022/LRMER_MidCase_15,kg/MWh,C:/Users/Jainam/Desktop/Resstock/resstock-main/resstock-main/lib/resources/data/emissions/cambium/2022/LRMER_MidCase_15/SRTVc.csv,lb/MBtu,,,,LRMER_MidCase_15,CO2e,,North-Central,Not Available,SRTVc,Unvented Attic,,,,,,Single-Family Detached,Single-Family Detached,Single-Family Detached,750-999,0-1499,Slab,,"Single-Family Detached, Slab, Unvented Attic, No Garage",1,1,<8,"Brick, Medium/Dark",Wood Frame,1.7,No,Electricity,55F,Yes,3F,Night +3h,Never,Never,No Exterior Use,Uninsulated,80% Usage,Not Available,,Ducted Heat Pump,100% Conditioned,Ducted Heat Pump,Yes,,No,,"ASHP, SEER 15, 8.5 HSPF",Ducted Heat Pump,Electricity ASHP,,,0%,,,No,No,,,,,Not Available,Not Available,Not Available,50 ACH50,R-38,,,,"Unfinished, Uninsulated",Uninsulated,"Wood Stud, Uninsulated","Summer = 0.7, Winter = 0.85",PJM,100% Incandescent,100% Usage,100% Usage,CR08,,"Huntington-Ashland, WV-KY-OH MSA",EF 17.6,,,,,,,,,,"Cooling Season, 7 days/wk",Left/Right at 15ft,0,Southwest,,100%,110%,"KY, 02800",Not/partially in metro area,,,No,Hour21,109.0,EF 21.9,100% Usage,"Asphalt Shingles, Medium",6353.367606915378,1,1,2007,31,12,15,,KY,Not Available,Not Available,0.0,1,Medium,Vacant,1970s,1960-79,Electric Standard,Electricity,Yes,Living Space,Huntington Tri State Arpt,38.38,-82.55,F6 B6 L6 R6,"Double, Low-E, Non-metal, Air, M-Gain",True,False,20.0,281.92,881.0,0.0,881.0,0.0,881.0,881.0,0.0,0.0,985.0,44.29,69.57,44.29,0.0,30.0,123.9,0.0,991.2,1113.6,0.0,59.4
